<?xml version="1.0" encoding="UTF-8"?>
<emails>
  <email id="4">
    <from>manallaar3@gmail.com</from>
    <to>manallaar3@gmail.com</to>
    <subject>multi</subject>
    <body>dsfs</body>
    <date>Thu Jun 09 07:52:33 WEST 2022</date>
  </email>
  <email id="1">
    <from>hajar bellafkih &lt;hajarbellafkih07@gmail.com&gt;</from>
    <to>"manallaar3@gmail.com" &lt;manallaar3@gmail.com&gt;</to>
    <subject>Testing</subject>
    <body>Hey there</body>
    <date>Wed Jun 08 17:14:13 WEST 2022</date>
  </email>
  <email id="1">
    <from>Hiba Bellafkih &lt;hibabellafkih6@gmail.com&gt;</from>
    <to>"manallaar3@gmail.com" &lt;manallaar3@gmail.com&gt;</to>
    <subject>Fwd: Invitation au pitch day - TRI2</subject>
    <body>---------- Forwarded message ---------&#xD;
From: Imane Rafik &lt;i.rafik@um5r.ac.ma&gt;&#xD;
Date: Tue, 17 May 2022, 11:16 am&#xD;
Subject: Invitation au pitch day - TRI2&#xD;
To:&#xD;
Cc: &lt;badr.bellahcen@gmail.com&gt;, IHSSANE ELMANSOURI &lt;&#xD;
ihssane.elmansouri@um5.ac.ma&gt;, Mohamed Amin El Mahfoudi &lt;&#xD;
mohamedamine.elmahfoudi@veolia.com&gt;, Najoua &lt;najoua.ngote@veolia.com&gt;,&#xD;
Malick Gharbi &lt;malick.gharbi@veolia.com&gt;&#xD;
&#xD;
&#xD;
Bonjour cher(e) participant(e),&#xD;
&#xD;
&#xD;
&#xD;
Le Trophée REDAL de l'innovation est dans moins de 8 jours ! Êtes-vous&#xD;
prêts ?&#xD;
&#xD;
&#xD;
&#xD;
Nous sommes heureux de vous inviter au Pitch day qui aura lieu le *25 mai *de&#xD;
*14h à 18h* à *l'Ecole Supérieure de Technologie de Salé*. Apportez votre&#xD;
ordinateur portable et tout appareil dont vous pourriez avoir besoin.&#xD;
&#xD;
&#xD;
Comme convenu, vous trouverez ci-joint le template PPT contenant les axes&#xD;
de la présentation.&#xD;
&#xD;
&#xD;
&#xD;
N.B : Un atelier de préparation à la prise de parole en public est&#xD;
programmé le lundi *23 mai*, pour ceux qui sont intéressés, rejoignez-nous&#xD;
à l'Amphi *B**en Abdeljalil de la présidence de l'Université Mohammed V de&#xD;
Rabat - site d'Agdal&#xD;
&lt;https://www.google.com/maps/dir/34.0000768,-6.8452352/pr%C3%A9sidence+de+l'universit%C3%A9+mohammed+v+de+rabat+agdal/@33.9994077,-6.846717,17z/data=!3m1!4b1!4m9!4m8!1m1!4e1!1m5!1m1!1s0xda76c85a5beca3b:0x290c7b43c58e89fa!2m2!1d-6.8436164!2d33.999061&gt;.*&#xD;
&#xD;
&#xD;
&#xD;
Looking forward to seeing you there and may the winning side of the Force&#xD;
be with you &#x1f44d;&#xD;
&#xD;
Imane,</body>
    <date>Thu Jun 09 16:08:12 WEST 2022</date>
  </email>
  <email id="1">
    <from>Hiba Bellafkih &lt;hibabellafkih6@gmail.com&gt;</from>
    <to>manallaar3@gmail.com</to>
    <subject>Fwd: Invitation au pitch day - TRI2</subject>
    <body>---------- Forwarded message ---------&#xD;
From: Imane Rafik &lt;i.rafik@um5r.ac.ma&gt;&#xD;
Date: Tue, 17 May 2022, 11:16 am&#xD;
Subject: Invitation au pitch day - TRI2&#xD;
To:&#xD;
Cc: &lt;badr.bellahcen@gmail.com&gt;, IHSSANE ELMANSOURI &lt;&#xD;
ihssane.elmansouri@um5.ac.ma&gt;, Mohamed Amin El Mahfoudi &lt;&#xD;
mohamedamine.elmahfoudi@veolia.com&gt;, Najoua &lt;najoua.ngote@veolia.com&gt;,&#xD;
Malick Gharbi &lt;malick.gharbi@veolia.com&gt;&#xD;
&#xD;
&#xD;
Bonjour cher(e) participant(e),&#xD;
&#xD;
&#xD;
&#xD;
Le Trophée REDAL de l'innovation est dans moins de 8 jours ! Êtes-vous&#xD;
prêts ?&#xD;
&#xD;
&#xD;
&#xD;
Nous sommes heureux de vous inviter au Pitch day qui aura lieu le *25 mai *de&#xD;
*14h à 18h* à *l'Ecole Supérieure de Technologie de Salé*. Apportez votre&#xD;
ordinateur portable et tout appareil dont vous pourriez avoir besoin.&#xD;
&#xD;
&#xD;
Comme convenu, vous trouverez ci-joint le template PPT contenant les axes&#xD;
de la présentation.&#xD;
&#xD;
&#xD;
&#xD;
N.B : Un atelier de préparation à la prise de parole en public est&#xD;
programmé le lundi *23 mai*, pour ceux qui sont intéressés, rejoignez-nous&#xD;
à l'Amphi *B**en Abdeljalil de la présidence de l'Université Mohammed V de&#xD;
Rabat - site d'Agdal&#xD;
&lt;https://www.google.com/maps/dir/34.0000768,-6.8452352/pr%C3%A9sidence+de+l'universit%C3%A9+mohammed+v+de+rabat+agdal/@33.9994077,-6.846717,17z/data=!3m1!4b1!4m9!4m8!1m1!4e1!1m5!1m1!1s0xda76c85a5beca3b:0x290c7b43c58e89fa!2m2!1d-6.8436164!2d33.999061&gt;.*&#xD;
&#xD;
&#xD;
&#xD;
Looking forward to seeing you there and may the winning side of the Force&#xD;
be with you &#x1f44d;&#xD;
&#xD;
Imane,</body>
    <date>Thu Jun 09 16:10:17 WEST 2022</date>
  </email>
  <email id="4">
    <from>Hiba Bellafkih &lt;hibabellafkih6@gmail.com&gt;</from>
    <to>manallaar3@gmail.com</to>
    <subject>Dkfud</subject>
    <body>Ebeke</body>
    <date>Thu Jun 09 16:14:11 WEST 2022</date>
  </email>
  <email id="2">
    <from>Google &lt;no-reply@accounts.google.com&gt;</from>
    <to>manallaar3@gmail.com</to>
    <subject>2-Step Verification turned on</subject>
    <body>[image: Google]&#xD;
2-Step Verification turned on&#xD;
&#xD;
&#xD;
manallaar3@gmail.com&#xD;
&#xD;
Your Google Account manallaar3@gmail.com is now protected with 2-Step&#xD;
Verification. When you sign in on a new or untrusted device, you’ll need&#xD;
your second factor to verify your identity.&#xD;
&#xD;
*Don't get locked out!*&#xD;
You can add a backup phone or get backup codes to use when you don’t have&#xD;
your second factor with you.&#xD;
You can review your 2SV settings&#xD;
&lt;https://accounts.google.com/AccountChooser?Email=manallaar3@gmail.com&amp;continue=https://myaccount.google.com/signinoptions/two-step-verification?rfn%3D16%26rfnc%3D1%26eid%3D-7630047964939605951%26et%3D0&gt;&#xD;
to make changes.&#xD;
You can also see security activity at&#xD;
https://myaccount.google.com/notifications&#xD;
You received this email to let you know about important changes to your&#xD;
Google Account and services.&#xD;
© 2022 Google LLC, 1600 Amphitheatre Parkway, Mountain View, CA 94043, USA</body>
    <date>Tue Jun 07 18:25:57 WEST 2022</date>
  </email>
  <email id="6">
    <from>manallaar3@gmail.com</from>
    <to>hibabellafkih6@gmail.com</to>
    <subject>vdsf</subject>
    <body>bgfdsgdffefs</body>
    <date>Thu Jun 09 11:19:21 WEST 2022</date>
  </email>
  <email id="3">
    <from>Hiba Bellafkih &lt;hibabellafkih6@gmail.com&gt;</from>
    <to>manallaar3@gmail.com</to>
    <subject>Cetrii</subject>
    <body>Wyydueue</body>
    <date>Thu Jun 09 16:14:00 WEST 2022</date>
  </email>
</emails>
